waypoint,light,left,right,oncoming,Forward Value,Right Value,None Value,Left Value
forward,green,None,right,right,0,1.97,0,0
forward,red,None,left,forward,-10.23,0.71,2.65,-10.62
forward,green,left,None,right,2.48,0,-4.76,0
forward,green,right,None,right,0,0.37,-4.12,-19.17
right,green,right,None,left,1.83,1.64,-5.36,0.12
left,green,forward,forward,forward,0,0.44,0,0
left,green,left,None,right,0.07,0.02,0,-19.97
forward,red,forward,right,None,-39.05,-20.49,2.27,-39.87
forward,green,right,left,left,2.46,0,0,0
forward,green,forward,None,left,2.78,0.68,-5.31,0.94
forward,green,right,forward,left,0,1.01,0,0
forward,red,None,forward,forward,-40.25,0,1.17,-39.82
right,red,None,right,None,-9.51,1.05,0.33,-9.16
forward,red,right,None,right,-9.93,0,2.82,-40.43
left,red,forward,right,right,-38.7,-20.58,1.56,-40.2
right,red,right,forward,right,-40.39,0,0.3,0
forward,green,left,left,forward,1.03,0,0,-19.23
forward,red,right,forward,left,0,1.28,0,0
left,red,left,left,forward,-9.17,0,1.38,-9.54
right,red,right,forward,left,-39.69,0,1.86,0
right,green,None,right,None,0.51,2.51,-4.3,0.65
left,red,right,left,right,-9.7,0,0,0
forward,red,right,right,left,0,0,2.17,0
forward,red,forward,forward,left,-40.54,0,2.96,-39.51
right,green,forward,forward,left,0.4,2.85,0,1.56
right,red,right,left,None,0,2.95,0.54,-9.83
right,red,forward,None,left,0,-19.92,1.35,-38.94
left,red,forward,forward,None,-39.55,-20.67,2.73,-39.47
left,green,None,left,None,0.76,0.18,-5.04,2.93
left,red,right,right,right,0,0,2.33,0
forward,green,forward,left,right,0,0.73,0,0
left,green,forward,forward,None,0.59,0.37,-4.8,2.13
forward,red,left,forward,None,-39.36,0.6,2.68,-39.78
right,green,forward,None,left,0.37,1.34,-4.09,0.73
forward,red,left,right,left,-9.24,1.65,0,-9.05
forward,red,None,right,left,-9.36,0.43,2.72,0
forward,red,forward,left,left,-40.17,0,2.92,-39.77
right,red,None,right,left,0,1.65,0,-10.73
left,green,left,right,left,0,1.82,-4.17,0
left,green,left,forward,None,0.99,1.01,-5.48,2.42
forward,green,forward,None,None,1.07,1.02,-4.47,0.52
left,red,right,forward,left,-40.4,0,0,0
left,green,right,left,forward,0,1.38,0,-20.42
left,red,forward,None,None,-40.15,-19.12,1.58,-40.21
right,green,left,forward,forward,0,0,-5.19,-19.84
right,red,left,None,None,-10.57,2.91,0.6,-9.64
left,red,None,left,right,0,0.6,0,-39.69
left,red,right,None,None,-9.17,0.16,1.17,-10.53
forward,green,left,forward,None,2.1,0.93,0,0.45
left,red,left,left,left,0,0,2.52,-9.14
right,green,left,left,forward,1.6,0,-5.41,-19.36
forward,green,None,left,left,2.38,0.76,-5.28,1.18
right,green,None,None,right,0.85,1.7,-4.92,-19.19
left,red,left,left,None,-9.6,1.38,1.24,-10.75
left,green,right,right,forward,1.47,0,0,0
left,red,right,left,left,-9.18,0,1.5,0
left,red,forward,left,None,-40.56,-20.91,1.61,-40.33
right,red,left,left,left,-10.57,0,1.71,-10.7
forward,green,right,right,forward,2.84,0,0,0
left,red,right,left,None,-9.32,0.12,2.88,0
left,green,right,forward,None,1.62,0,-4.28,1.46
forward,red,left,right,None,0,0.71,2.5,0
forward,red,None,right,right,0,1.8,0,0
left,red,right,forward,right,0,0.6,0,-39.59
right,red,left,None,right,0,2.6,0.01,0
forward,red,None,left,left,-10.06,0.03,2.84,-9.63
left,green,forward,forward,right,0.68,0,0,0
right,red,forward,right,left,0,-20.46,1.07,-39.91
left,red,None,right,right,0,0,2.91,0
right,red,left,None,left,-9.22,1.92,0.14,0
left,green,left,None,left,0,0.27,-4.44,2.06
forward,red,forward,left,forward,0,-19.16,2.57,0
right,green,right,None,right,0,2.72,-5.51,0
forward,red,left,right,right,0,1.92,0,0
right,green,left,left,left,0,0,0,0.29
right,red,forward,None,right,0,-20.01,1.05,0
forward,red,right,left,forward,0,1.73,0,0
right,green,None,right,forward,0.42,1.62,0,-20.55
left,red,right,right,None,-9.13,1.32,0,0
right,green,None,left,right,0,2.91,-5.41,-20.71
forward,green,left,left,None,1.61,0.91,-4.19,0.97
left,red,forward,forward,right,0,-18.9,1.59,0
left,red,forward,left,forward,-39.75,-18.94,1.47,-40.26
left,green,right,right,None,0,0.19,-5.74,0
forward,red,left,None,right,-9.96,0.49,1.02,-40.24
forward,red,forward,forward,right,-39.15,-19.04,1.42,-40.46
left,red,right,None,left,-9.3,0.45,1.6,-9.64
right,green,None,None,None,0.79,2.86,-5.87,0.95
right,red,forward,right,right,0,0,1.42,0
forward,green,right,left,right,2.07,0,0,-20.05
forward,red,forward,left,right,-40.1,0,2.57,-39.58
left,red,forward,right,left,-38.78,0,1.7,0
left,red,None,left,left,-9.95,0.5,1.52,-9.57
forward,red,None,left,None,-10.64,0.23,1.4,-10.01
left,red,forward,None,right,-39.2,-19.78,1.25,-40.65
right,red,left,None,forward,-9.4,2.28,0.18,-9.76
left,green,right,left,None,0.89,0,-5.36,0
right,red,forward,left,right,0,0,0,-40.57
forward,red,forward,forward,forward,-39.25,0,2.81,0
forward,red,left,None,forward,-10.44,0.57,2.06,-10.57
forward,green,None,left,right,0,1.15,-5.27,-19.93
right,red,right,forward,None,-40.68,0,0.1,-39.3
left,red,left,None,forward,-9.52,1.15,1.37,-9.53
left,red,None,forward,left,-40.16,0.53,1.12,-40.9
right,green,None,right,left,0.85,1.44,-5.33,0.12
left,red,left,forward,None,-40.22,0.17,2.48,-40.27
forward,green,None,right,left,1.55,0,-5.61,0.27
right,green,left,left,right,0,2.6,0,-18.99
forward,red,right,forward,right,0,1.13,0,0
left,green,forward,right,None,0,0.47,-5.1,0
left,green,None,None,right,0.82,0.02,-4.5,-20.97
forward,green,None,right,None,1.83,0.65,-4.23,0.75
forward,green,forward,None,right,0,1.61,-4.53,-19.92
left,red,None,None,forward,-10.95,0.08,1.09,-10.82
left,green,forward,forward,left,1.22,0,-5.75,2.59
right,green,forward,None,right,1.33,2.61,-4.7,0
forward,red,forward,left,None,-40.29,-20.26,2.57,-39.37
right,red,None,forward,right,-39.82,0,0.92,0
left,green,None,None,forward,0.99,0.01,-5.74,-19.74
right,red,None,right,forward,0,2.41,0.42,-9.23
forward,red,None,forward,None,-39.52,0.73,1.98,-39.23
left,green,right,forward,right,0.14,0,-5.48,-19.37
left,red,None,None,right,-9.86,0.29,2.37,-40.64
forward,red,left,left,right,0,0,1.04,0
right,green,left,right,left,1.33,0,0,0
forward,red,forward,None,left,0,-20.69,1.1,-39.96
right,red,left,right,None,-9.96,1.7,0.73,0
right,red,forward,left,left,0,-20.88,0.54,0
left,red,left,forward,right,0,1.55,0,-40.11
right,red,forward,left,forward,0,-18.98,1.41,0
right,red,left,right,left,0,1.68,0,0
right,green,left,forward,right,1.79,1.07,0,0
left,red,None,right,None,-9.91,0,2.5,-10.42
right,red,None,right,right,-10.42,2.67,0,-39.24
left,red,None,right,forward,-10.03,0,2.23,-9.2
right,green,right,forward,left,0,2.51,0,0
forward,red,None,forward,right,-40.96,0.07,0,-40.49
forward,red,None,None,forward,-10.74,0.79,1.13,-9.58
forward,green,left,None,left,2.11,0.53,-5.99,0.24
forward,green,right,None,left,0,1.84,-4.03,1.01
left,red,forward,None,forward,-40.36,-20.49,1.79,-39.32
right,red,forward,right,None,-39.82,-19.87,1.65,0
forward,green,forward,left,left,0,0.35,-5.29,0
forward,green,forward,None,forward,1.99,0,-5.59,0
left,green,left,forward,forward,0,0.26,0,0
forward,green,None,None,right,1.36,0.28,-5.29,-19.7
forward,red,right,forward,None,0,0.72,2.72,0
right,green,forward,forward,right,0.81,0,0,0
forward,red,forward,None,forward,-39.47,-20.15,2.25,-39.7
right,red,None,left,right,0,1.2,1.27,-39.33
left,green,None,left,forward,0.76,0.68,-5.48,-20.28
forward,green,forward,left,None,2.82,0.07,-4.02,0.79
left,green,forward,left,right,0,0.25,-4.79,-18.88
left,red,forward,forward,forward,0,-18.86,2.53,0
left,red,left,left,right,0,0.3,0,0
right,red,left,forward,right,-39.88,0,0.21,0
left,green,right,right,left,0,1.22,0,0
right,red,right,left,forward,-10.45,2.16,0,0
left,green,None,left,left,0.56,0.81,-5.48,1.89
forward,red,right,left,right,-10.74,0,0,-40
right,green,None,None,left,0.5,1.2,-5.52,1.02
right,green,right,forward,None,1.11,2.9,0,0
right,green,forward,None,None,0.2,2.75,-5.76,0.35
right,green,right,None,forward,0,1.26,-5.29,0
right,red,None,None,left,-9.52,2.67,0.3,-9.42
right,green,left,None,right,1.18,0,0,-18.93
left,green,None,forward,forward,0.44,0,-5.9,-20.46
left,green,left,forward,left,0.46,0.53,0,1.44
right,green,None,forward,left,1.79,0,-5.34,0.03
forward,green,None,right,forward,0,0.86,0,-19.29
left,green,right,forward,forward,0.47,0,0,0
forward,red,forward,right,forward,0,0,1.52,0
forward,green,right,forward,None,0,0.01,0,1.79
right,red,right,right,forward,0,0,1.51,0
right,green,right,right,None,1.29,0,0,0
left,green,forward,left,None,0.66,0.07,-4.11,2.25
left,red,forward,left,right,0,0,2.82,-39.23
right,green,right,left,None,0.47,2.01,-5.21,0.88
left,green,None,right,forward,0,0.84,-4.72,-20.21
right,green,forward,left,forward,0.31,1.39,0,0
forward,red,None,None,right,-10.81,0.81,1.62,-39.13
right,red,left,forward,forward,-40.5,0,0.69,0
forward,green,None,left,None,1.42,0.76,-4.6,0.85
left,green,None,right,right,0,0.07,0,-20.77
right,red,None,left,forward,-9.81,2.62,0.58,-9.86
right,green,forward,right,left,0,0,0,0.37
right,red,left,left,right,0,0,1.26,0
right,green,forward,forward,forward,0.24,1.14,-4.08,-19.85
forward,red,None,right,None,-9.76,0.64,1.84,-10.83
left,green,right,None,None,1.01,0.03,-5.64,1.41
left,red,None,left,forward,-9.49,0.37,1.6,-10.75
forward,green,None,forward,forward,0,1.78,-5.27,0
forward,green,right,forward,forward,0,0.61,0,0
forward,green,forward,forward,right,2.25,1.08,0,-19.25
right,red,None,None,None,-10.09,1.37,0.85,-10.07
forward,red,right,None,left,0,0,2.59,-9.77
left,red,None,forward,forward,-40.79,0.67,1.45,-39.78
right,red,left,right,forward,0,1.44,1.04,-9.79
right,green,left,None,None,0.44,1.43,-5.31,0.13
right,green,None,forward,forward,1.36,0,-5.96,-19.42
left,green,left,left,right,0.67,0,-5.68,0
right,green,forward,left,left,0.91,2.87,0,0
left,green,forward,None,right,0,0.6,0,-19.73
forward,green,None,None,left,1.11,0.38,-4.52,0.3
forward,red,left,forward,forward,0,1.71,0,-39.18
forward,green,left,right,None,0,0,-4.49,1.31
right,green,forward,right,None,0.63,0,0,1.09
right,red,right,right,right,0,0,0.66,0
right,red,right,left,left,-9.01,0,0.34,0
left,red,forward,right,forward,0,0,2.02,0
right,red,right,None,forward,-9.95,1.9,0.11,-9.58
right,red,forward,forward,left,-38.62,0,0.1,0
left,green,forward,None,forward,0.27,0.97,-4.97,0
left,green,right,None,left,0.82,0.51,-4.23,1.96
right,red,None,forward,None,-40.83,2.04,0.72,-39.57
left,red,None,left,None,-10.57,0.96,2.9,-10.35
forward,red,right,None,None,-9.67,0.13,1.12,-10.79
right,red,right,right,None,-9.37,0,1.37,-9.13
left,green,right,left,left,1.2,0.05,0,0
left,green,left,right,forward,0,0.22,-4.61,0
forward,green,forward,left,forward,0,1.88,0,-20.19
left,red,right,forward,None,0,0,1.79,0
forward,green,forward,forward,left,0,0.5,0,1.51
forward,green,left,None,forward,2.87,0.21,-5.88,0
right,red,left,forward,None,-40.13,2.44,0.62,-39.32
right,red,right,None,right,-9.31,2.15,0,-40.3
right,green,right,left,forward,0,0,-5.68,-19.66
left,red,left,right,right,0,1.95,0,0
right,red,forward,forward,right,-38.92,-19.49,0,0
right,green,right,right,forward,0.74,0,0,0
forward,red,left,left,forward,0,1.95,0,-9.76
forward,green,forward,right,left,1.36,1.38,0,0.04
left,red,left,right,None,-9.92,0.14,2.34,-10.42
forward,green,forward,right,forward,0,0.82,0,0
left,green,left,left,forward,0,1.23,0,-20.6
right,red,forward,forward,None,-39.33,-20.37,0.48,-40.62
left,green,None,forward,None,0.34,0.4,-5.94,2.85
forward,red,None,right,forward,-9.08,0.76,0,-10.2
forward,green,None,forward,left,1.45,0.68,-5.86,0.98
forward,red,forward,right,right,0,0,2.61,0
right,red,None,forward,forward,-40.95,2.67,0.86,-40.32
right,green,forward,None,forward,1.13,0,-5.95,-19.25
forward,green,right,right,None,1.88,0,0,0
left,green,left,None,forward,0,1.44,-4.11,-19.77
forward,green,forward,forward,forward,0,0.12,-4.14,-18.82
forward,red,forward,right,left,-38.82,-19.17,0,0
forward,green,None,forward,right,0,1.93,-4.21,-19.2
left,green,None,forward,right,0.02,1.93,-5.11,0
right,green,left,forward,None,0.09,1.99,-4.48,0.23
forward,green,right,left,forward,0,1.21,-4.88,-20.26
right,green,right,right,left,0,2.91,0,0
left,red,right,right,left,0,0,1.04,-9.62
forward,red,forward,None,None,-40.16,-19.75,2.94,-40.94
right,red,right,right,left,0,0,0.14,0
forward,green,left,forward,right,1.3,0,0,0
left,green,left,left,None,0.35,1.22,-4.76,1.08
right,green,None,left,forward,1.37,0,-5.81,0
forward,green,forward,right,None,0,0.64,0,0.09
right,red,forward,None,None,-39.24,-19.24,0.27,-40.59
forward,green,None,None,forward,2.61,0.18,-5.07,-19.85
forward,red,left,left,None,-10.49,0.16,2.37,-10.6
right,red,None,None,forward,-10.9,1.82,0.24,-9.17
left,green,None,forward,left,1.31,1.02,-4.22,2.08
forward,green,None,forward,None,1.77,0.95,-5.55,0.43
forward,green,right,None,forward,0,1.39,-4.57,-20.64
left,green,right,None,forward,0.5,0,0,-19.24
left,red,forward,right,None,0,-18.99,1.16,0
forward,green,right,right,left,0,0,-5.49,1.18
forward,green,left,None,None,2.64,0.84,-4.98,0.96
left,green,right,None,right,1.76,0,0,0
left,red,right,forward,forward,0,0,1.94,0
left,green,left,right,None,0,0,-5.82,1.73
right,green,left,None,left,1.9,0,-4.73,0.07
right,red,None,None,right,-9.99,1.63,0.95,-40.92
right,green,forward,right,right,0,2.21,0,0
right,red,right,left,right,-10.79,0,0,-38.91
right,green,forward,left,None,0.44,2.22,-4.61,1.03
left,green,None,right,None,1.1,0.82,-5.12,1.1
forward,red,None,None,None,-10.21,0.43,1.09,-10.31
forward,green,left,forward,left,1.76,0,-4.39,0
left,green,forward,left,forward,0,0.21,-5,-19.79
left,green,None,left,right,0.1,0.96,-4.15,-20.46
right,red,left,left,None,-10.73,0,1.61,-9.03
left,green,forward,None,None,1.01,0.33,-5.28,2.91
forward,green,left,right,left,0,0,0,1.58
right,red,left,left,forward,0,2.39,0,0
right,red,right,None,None,-10.24,1.19,0.39,-10.5
right,red,forward,None,forward,-40.11,-20.89,1.41,0
right,green,None,left,None,0.09,2.16,-4.58,0.08
forward,red,left,forward,left,-40.48,1.96,0,-39.59
left,red,forward,left,left,-39.05,0,2.22,-40.57
left,green,left,forward,right,0.57,1.32,0,-19.35
right,green,right,None,None,0.83,1.19,-4.43,0.71
left,green,right,forward,left,0,1.07,0,0
left,red,None,right,left,0,1.18,1.79,-9.66
forward,green,right,left,None,1.72,1.14,0,0.63
right,green,None,forward,None,0.66,1.14,-5.64,0.9
forward,green,left,left,right,0,0,0,-18.84
left,red,left,right,left,-10.76,0.71,0,0
forward,green,forward,forward,None,2.87,1.24,-4.71,0.23
left,green,left,None,None,0.85,0.69,-4.91,2.75
forward,green,forward,right,right,0,0,0,-20.64
left,red,left,forward,forward,0,0.3,0,0
left,green,forward,left,left,0.02,0.83,-5.37,0
left,green,None,right,left,0.18,1.17,-4.71,0
left,red,left,None,None,-10.03,0.88,2.39,-9.84
forward,red,right,left,left,-9.34,0,2.87,-9.58
right,green,right,left,left,0,1.5,-4.58,0
right,red,right,forward,forward,0,1.59,0,0
forward,red,forward,forward,None,-40.38,-20.04,2.62,-40.36
forward,red,right,forward,forward,0,0,2.08,0
right,red,forward,forward,forward,-38.92,-19.96,0,-39.15
right,green,forward,forward,None,0.45,2.41,-5.84,0.77
left,green,forward,None,left,0.64,0.03,0,1.48
right,red,right,None,left,-10.95,2.53,0.13,-9.63
left,red,None,forward,None,-40.62,0.2,1.75,-40.01
forward,red,left,forward,right,0,0,1.09,0
left,red,left,right,forward,-10.18,0.83,0,0
left,red,left,None,left,-9.57,0.97,2.06,-10.07
right,red,None,left,None,-10.74,2.2,0.81,-9.87
left,red,left,None,right,0,0.42,1.57,0
left,red,None,forward,right,-39.25,1.81,0,-39.54
forward,green,None,left,forward,1.55,0.69,-5.23,-19.56
left,green,right,left,right,0.75,0,0,0
left,red,right,None,forward,-9.43,1.14,2.23,-10.54
left,red,None,None,left,-9.22,0.5,1.39,-9.11
forward,red,right,None,forward,-10.2,0,1.87,-9.7
right,green,None,None,forward,1.09,2.19,-4.06,-20.21
right,green,right,forward,right,0,0,0,-19.51
right,green,left,forward,left,0.76,0,-5.18,0
left,red,forward,None,left,-39.11,-19.45,1.34,-39.56
forward,red,right,left,None,-9.61,0.57,1.26,0
left,red,left,forward,left,-40.72,0.69,2.47,-40.19
forward,red,left,None,left,-9.89,1.03,2.62,-9.73
left,green,left,left,left,0.03,1.16,-5.23,2.38
right,red,None,left,left,-10.64,1.46,1.02,-10.26
left,green,forward,right,left,1.29,0,0,1.44
forward,green,left,right,forward,0,1.33,0,0
right,green,None,right,right,1.94,1.77,0,0
forward,red,left,left,left,0,0.73,0,-10.56
right,green,None,forward,right,0.26,0,-4.47,-18.93
right,red,None,forward,left,-39.39,1.24,0,-40.19
forward,red,left,right,forward,0,0,1.35,0
left,red,right,left,forward,0,0.53,0,-10.82
left,red,None,None,None,-9.19,0.49,1.21,-10.04
forward,red,None,None,left,-10.9,0.34,2.08,-10.64
forward,green,None,None,None,2.28,0.03,-5.74,0.45
forward,green,right,forward,right,1.34,0,0,-20.34
left,green,None,None,None,0.55,0.83,-5.6,2.56
right,green,left,None,forward,0,1.88,-4.21,-19.56
forward,red,None,left,right,-10.36,0.24,1.87,0
right,red,forward,right,forward,0,-19.41,0,-39.99
forward,green,right,None,None,1.18,0.19,-5.5,0.44
forward,red,None,forward,left,-39.42,0.7,2.01,-39.25
forward,red,right,right,None,0,0.48,0,-9.5
forward,red,forward,None,right,-39.92,0,2.43,-39.47
right,green,left,left,None,0.22,1.74,-5.71,0.43
right,red,left,forward,left,-38.83,0,1.53,-39.53
right,green,left,right,None,0.73,1.69,0,0
forward,green,left,forward,forward,0,0.56,0,0
forward,red,left,None,None,-10.18,0.91,2.76,-9.25
forward,green,left,left,left,2.21,0,0,0.91
right,green,forward,left,right,1.25,2.82,-4.33,-19.79
right,red,forward,left,None,-40.38,-19.4,0.47,-40.91
left,red,forward,forward,left,-40.23,0,2.17,-39.66
right,green,None,left,left,0.93,2.09,-4.39,0
left,green,None,None,left,0.61,0.16,-4.1,1.92
