{
  "basics": {
    "name": "Kevin Lazich",
    "label": "Aspiring Web Developer",
    "email": "dev@kevinlazich.com",
    "phone": "502-500-9326",
    "website": "https://kevinlazich.com",
    "summary": "Kevin hails from Louisville. He is currently working on the Full Stack Nanodegree at Udacity.com to turn his passion for programming into a career. His open source work includes writing a postinstall NPM script that automates a couple setup steps for the Hoodie.js project. See more of his work at www.kevinlazich.com.",
    "location": {
      "address": "2030 Emerald Ave.\nApt 3",
      "postalCode": "40206",
      "city": "Louisville",
      "countryCode": "US",
      "region": "Kentucky"
    },
    "profiles": [
      {
        "network": "Twitter",
        "username": "TheKlazich",
        "url": "https://twitter.com/TheKlazich"
      },
      {
        "network": "Facebok",
        "username": "Kevin Lazich",
        "url": "https://www.facebook.com/kevin.lazich"
      },
      {
        "network": "GitHub",
        "username": "klazich",
        "url": "https://github.com/klazich"
      },
      {
        "network": "HackerRank",
        "username": "kevin_lazich",
        "url": "https://www.hackerrank.com/kevin_lazich"
      },
      {
        "network": "Udacity",
        "username": "Kevin Lazich",
        "url": "https://profiles.udacity.com/p/10584671302"
      }
    ]
  },
  "work": [
    {
      "company": "LINAK U.S. Inc.",
      "position": "Quality Inspector",
      "website": "http://www.linak-us.com/",
      "startDate": "2015-03-02",
      "summary": "Responsible for the certifications schedule of every gage (close to 1000 instruments). Communicate daily with local, national and international supplier to affect high quality standards and consistency.\nHelped improve QI workflow by automating (nodeJS, python) heavy 'paperwork' bottlenecks. Including creating simple batch move-rename scripts and recently a reports scraper to gather data that use to be by hand.",
      "highlights": [
        "Increased departments productivity with automated report scraping."
      ]
    },
    {
      "company": "Amazon.com",
      "position": "Dock Clerk",
      "website": "https://www.amazon.com",
      "startDate": "2011-10-02",
      "endDate": "2014-10-25",
      "summary": "Stow, Pick, Prep, Pack, Ship, Jewelry/Watch Inspection, Truck Manager.\nHeavily invested in the Standard Work Tenets. Constant focus on Customer Experience.\nAs Dock Clerk, accomplished meeting critical pull times efficiently with zero missed orders.",
      "highlights": [
        "Less than 1% orders missed during my time as Dock Clerk"
      ]
    }
  ],
  "education": [
    {
      "institution": "Udacity.com",
      "area": "Full Stack Web Development",
      "studyType": "Nanodegree",
      "startDate": "2017-05-15",
      "courses": [
        "Python",
        "CSS",
        "HTML",
        "SQL",
        "Git",
        "Unix Shell",
        "Javascript"
      ]
    }
  ],
  "awards": [
    {
      "title": "Eagle Scout Leadership Awarded",
      "date": "2002-06-07",
      "awarder": "Troop 167",
      "summary": "Kevin was awarded the Eagle Scout Leadership award after completing his Eagle Scout project involving landscaping the classroom building at the Creasey Mahan Nature Preserve in Goshen Kentucky. Kevin coordinated all fundraising for materials and plants, and recruiting volunteers to help."
    }
  ],
  "skills": [
    {
      "name": "Web Development",
      "keywords": [
        "HTML",
        "CSS",
        "Javascript",
        "NodeJS"
      ]
    },
    {
      "name": "Scripting",
      "keywords": [
        "Python"
      ]
    },
    {
      "name": "Graphic Design",
      "keywords": [
        "Affinity Designer"
      ]
    }
  ],
  "projects": [
    {
      "name": "portfolio-website",
      "description": "A personal portfolio website",
      "url": "https://github.com/klazich/portfolio-website"
    },
    {
      "name": "class-movie-website",
      "description": "Generate HTML for a movie review website using a simple and flexible Python class to handle movie data and place API request tailored for movie data retrieval.",
      "url": "https://github.com/klazich/class-movie-website"
    }
  ]
}
