WAYPOINT,LIGHT,LEFT,ONCOMING,forward,None,right,left
'left','green','forward','left',-0.41,-5.21,0.43,2.34
'right','red',None,'forward',-9.53,0.38,2.76,-9.57
'right','green','forward','right',0.00,0.00,2.00,0.00
'forward','green','right',None,2.50,-4.94,0.31,-0.28
'left','red','right','left',0.00,2.28,0.89,-37.12
'left','red','right',None,-9.53,2.38,0.12,-36.93
'right','green','right','forward',0.00,-3.78,1.29,-20.68
'left','red','right','right',-36.63,0.97,0.00,0.00
'left','green','left','left',0.70,-4.01,0.49,1.46
'forward','red','right','right',0.00,2.62,0.00,0.00
'right','green','left','right',0.00,-3.62,1.62,-18.62
'forward','green',None,'left',2.22,-5.04,0.18,0.16
'right','green','right',None,0.12,-5.78,0.00,0.11
'forward','green',None,'forward',2.61,-4.93,0.39,-19.17
'right','red',None,'right',-10.24,0.85,0.93,-36.71
'left','red','left','forward',-8.22,1.67,-0.11,-35.65
'right','red','right','left',-9.08,-0.00,2.00,-36.53
'left','green','left','forward',1.68,-4.23,-0.04,-18.58
'right','red','left','forward',-8.69,0.30,1.95,-9.67
'forward','red','right','left',-9.54,1.59,-0.17,-37.49
'left','red','left',None,-10.38,1.70,0.13,-12.06
'right','red','right','forward',-9.03,-0.24,2.12,-9.33
'left','green','right','right',0.10,0.00,-0.17,-17.69
'forward','green','right','right',2.17,-5.32,0.68,0.00
'right','red','left',None,-12.12,0.19,2.09,-10.44
'left','red','forward',None,-39.37,1.81,-19.45,-40.64
'right','green',None,'right',-0.12,-4.52,2.29,-20.68
'right','green','forward','left',0.16,-4.16,1.80,0.59
'forward','red','left','left',-36.32,1.68,0.53,-9.88
'right','green','forward',None,0.24,-5.37,1.45,0.23
'forward','red',None,'left',-9.86,2.45,0.13,-10.73
'right','red',None,'left',-10.04,0.06,1.11,-9.93
'forward','red',None,'right',-9.30,1.33,0.27,-39.86
'left','green','right','left',-0.34,0.00,-0.01,2.05
'forward','green','right','forward',2.07,-5.55,0.00,-20.50
'forward','green',None,None,2.34,-4.24,-0.11,-0.23
'right','green','left','left',-0.04,0.00,2.81,0.46
'left','red','left','left',-9.17,2.12,0.84,-9.20
'right','red','left','right',-8.68,0.00,2.63,0.00
'forward','red','forward','forward',-36.87,1.26,-19.69,-40.71
'left','red','forward','right',-35.74,1.68,-17.11,-35.54
'left','green','forward','right',1.53,-5.71,-0.58,0.00
'forward','red','forward','left',-39.42,1.20,-19.43,-39.29
'forward','green','forward','right',1.99,-4.57,0.80,0.00
'forward','red',None,None,-10.74,1.03,0.41,-9.63
'forward','green','left',None,1.76,-5.00,0.45,0.73
'forward','red','right','forward',-10.41,1.38,0.21,-9.79
'forward','red',None,'forward',-10.51,1.73,0.56,-10.23
'forward','green','forward','forward',1.91,0.00,0.00,-20.56
'right','green','left',None,-0.07,-5.56,2.25,0.00
'forward','green','left','right',2.85,-5.24,0.00,0.00
'right','green','forward','forward',0.09,-5.15,2.85,0.00
'forward','red','forward','right',-36.53,2.09,-17.26,0.00
'forward','red','left','right',0.00,2.62,0.20,0.00
'forward','green','forward',None,2.23,-5.83,0.29,0.81
'forward','red','left',None,-9.71,1.96,0.01,0.00
'left','green',None,'forward',-0.51,-5.73,1.20,-20.79
'right','green','right','left',0.00,0.00,0.00,0.23
'left','green','right','forward',0.00,-5.80,1.60,-18.38
'left','red',None,'right',-9.64,2.09,-0.21,-39.96
'left','green',None,None,-0.10,-4.38,0.69,2.76
'forward','red','left','forward',-10.80,2.75,0.05,-9.13
'forward','green','left','forward',1.25,0.00,0.00,-18.41
'right','red','forward','forward',-36.06,-0.47,-19.77,-39.48
'forward','red','right',None,-10.36,2.70,0.28,-10.23
'forward','green',None,'right',1.61,-4.42,0.58,-19.20
'right','red','forward','left',-40.07,0.40,-18.69,-36.62
'right','green',None,None,0.67,-4.44,2.49,0.68
'forward','green','forward','left',1.36,-4.79,0.26,0.86
'right','green','left','forward',0.80,0.00,2.19,-17.42
'left','red','forward','left',-35.27,2.55,-19.65,-36.32
'left','green','left',None,0.27,-4.71,0.45,2.41
'forward','green','left','left',1.74,-5.68,-0.30,0.07
'left','green',None,'left',0.51,-5.52,0.63,2.34
'left','red','right','forward',-10.25,1.64,-0.17,-8.30
'left','green','left','right',0.23,0.00,0.36,0.00
'right','red','left','left',0.00,0.95,1.73,-37.71
'left','red','left','right',-8.79,2.44,-0.01,0.00
'left','red','forward','forward',-36.68,2.62,-18.33,0.00
'right','red',None,None,-10.18,0.02,1.13,-36.13
'left','red',None,'left',-9.12,2.26,-0.02,-10.61
'right','green','right','right',0.00,0.00,2.02,0.00
'right','red','forward',None,-40.42,0.14,-20.41,-39.53
'left','green','forward',None,0.28,-5.46,0.04,1.53
'right','green',None,'left',0.36,-5.17,2.57,-0.16
'forward','green','right','left',2.29,0.00,0.00,0.52
'left','green','right',None,0.18,-5.13,-0.28,2.29
'right','red','forward','right',0.00,0.65,0.00,0.00
'left','green','forward','forward',0.98,-4.91,-0.24,-18.10
'right','green',None,'forward',0.23,-5.23,1.37,-18.43
'forward','red','forward',None,-39.84,1.74,-20.68,-40.41
'left','red',None,'forward',-12.69,2.44,0.19,-10.20
'right','red','right','right',0.00,-0.07,2.35,0.00
'left','green',None,'right',-0.04,-4.53,1.61,-19.25
'right','red','right',None,-40.20,0.63,2.43,-8.57
'left','red',None,None,-10.17,1.45,-0.22,-10.38
